{"supply": 34393303640682998, "circulation": 35591462141757748, "delegations": 1300215, "stake": 24653658988795281, "d": null, "k": 500, "ADABTC": 1.247e-05, "ADAUSD": 0.353821, "ADAEUR": 0.328636, "ADAJPY": 46.87, "ADAGBP": 0.289921, "ADACAD": 0.485596, "ADAAUD": 0.531242, "ADABRL": 1.85, "tokens": 8020475, "nfts": 7505304, "nft_policies": 54667, "policies": 70860, "load_24h": 0.3493043062247111, "load_1h": 0.47372140066964286, "load_5m": 0.45015940946691174}
